,famrel,absences,finalgrade,weeklyAlcohol,no_famsup,famsup,no_paid,paid
0,4,6,6,1.0,1,0,1,0
1,5,4,6,1.0,0,1,1,0
2,4,10,10,2.5,1,0,0,1
3,3,2,15,1.0,0,1,0,1
4,4,4,10,1.5,0,1,0,1
5,5,10,15,1.5,0,1,0,1
6,4,0,11,1.0,1,0,1,0
7,4,6,6,1.0,0,1,1,0
8,4,0,19,1.0,0,1,0,1
9,5,0,15,1.0,0,1,0,1
10,3,0,9,1.5,0,1,0,1
11,5,4,12,1.0,0,1,1,0
12,4,2,14,2.0,0,1,0,1
13,5,2,11,1.5,0,1,0,1
14,4,0,16,1.0,0,1,1,0
15,4,4,14,1.5,0,1,1,0
16,3,6,14,1.5,0,1,0,1
17,5,4,10,1.0,0,1,1,0
18,5,16,5,3.0,0,1,1,0
19,3,4,10,2.0,1,0,0,1
20,4,0,15,1.0,1,0,1,0
21,5,0,15,1.0,0,1,0,1
22,4,2,16,2.0,1,0,1,0
23,5,0,12,3.0,0,1,1,0
24,4,2,8,1.0,0,1,0,1
25,1,14,8,2.0,0,1,0,1
26,4,2,11,1.5,0,1,0,1
27,2,4,15,3.0,1,0,0,1
28,5,4,11,1.0,0,1,1,0
29,4,16,11,5.0,0,1,0,1
30,5,0,12,3.5,0,1,0,1
31,4,0,17,1.0,0,1,1,0
32,4,0,16,1.0,0,1,1,0
33,5,0,12,1.0,1,0,1,0
34,5,0,15,1.0,0,1,0,1
35,3,0,6,1.0,0,1,1,0
36,5,2,18,1.0,0,1,1,0
37,2,7,15,1.0,0,1,1,0
38,4,2,11,1.0,0,1,0,1
39,4,8,13,1.0,0,1,0,1
40,3,25,11,1.5,0,1,1,0
41,5,8,12,3.0,0,1,1,0
42,4,2,18,1.0,0,1,1,0
43,5,0,11,1.0,0,1,1,0
44,4,14,9,2.0,1,0,1,0
45,5,8,6,1.0,0,1,0,1
46,2,12,11,2.5,0,1,1,0
47,4,4,20,1.0,1,0,1,0
48,4,2,14,2.0,0,1,0,1
49,4,2,7,1.0,0,1,1,0
50,4,2,13,2.5,0,1,0,1
51,4,2,13,1.0,0,1,0,1
52,5,6,10,3.5,1,0,1,0
53,3,0,11,2.5,0,1,0,1
54,5,6,13,4.0,1,0,0,1
55,5,8,10,1.0,1,0,0,1
56,4,0,15,1.0,0,1,0,1
57,3,4,15,1.0,0,1,1,0
58,4,2,9,1.0,0,1,1,0
59,4,2,16,1.0,0,1,1,0
60,2,6,11,2.5,0,1,1,0
61,5,6,11,5.0,0,1,1,0
62,4,4,9,1.0,1,0,1,0
63,3,2,9,3.0,0,1,0,1
64,4,0,10,3.0,1,0,1,0
65,5,2,15,1.5,0,1,1,0
66,1,4,12,5.0,0,1,1,0
67,4,4,6,1.5,0,1,0,1
68,4,2,8,2.0,0,1,0,1
69,4,12,16,2.5,0,1,1,0
70,4,0,15,1.0,0,1,0,1
71,3,0,10,1.0,1,0,1,0
72,3,2,5,3.0,0,1,1,0
73,5,2,14,2.0,1,0,1,0
74,4,54,11,3.0,0,1,0,1
75,4,6,10,2.5,0,1,0,1
76,3,8,10,1.0,1,0,1,0
77,5,0,11,2.0,1,0,0,1
78,4,2,10,1.0,0,1,1,0
79,2,12,5,1.5,0,1,1,0
80,3,2,12,2.0,0,1,0,1
81,5,4,11,1.5,1,0,0,1
82,4,10,6,1.0,0,1,0,1
83,5,4,15,2.0,1,0,0,1
84,4,2,10,2.5,0,1,1,0
85,4,6,8,2.5,1,0,0,1
86,4,4,6,1.5,0,1,1,0
87,5,4,14,2.0,0,1,1,0
88,4,12,10,1.0,1,0,0,1
89,4,18,7,4.0,0,1,1,0
90,4,0,8,2.0,0,1,0,1
91,4,4,18,2.0,1,0,0,1
92,3,4,6,2.5,0,1,1,0
93,5,0,10,1.0,0,1,0,1
94,4,6,14,1.0,0,1,1,0
95,3,2,10,1.0,0,1,0,1
96,3,2,15,1.0,0,1,1,0
97,4,2,10,1.0,0,1,0,1
98,5,6,14,1.5,1,0,1,0
99,5,0,8,1.0,0,1,0,1
100,4,14,5,5.0,0,1,0,1
101,4,0,17,1.0,0,1,1,0
102,5,4,14,1.0,0,1,1,0
103,4,26,6,1.0,0,1,0,1
104,5,0,18,1.0,0,1,0,1
105,4,10,11,1.0,1,0,1,0
106,5,8,8,1.0,0,1,0,1
107,5,2,18,1.0,0,1,1,0
108,1,6,13,4.0,0,1,0,1
109,5,4,16,1.0,0,1,0,1
110,5,6,19,1.0,1,0,1,0
111,4,0,10,1.0,0,1,1,0
112,3,6,13,1.0,1,0,1,0
113,3,10,19,1.0,1,0,1,0
114,5,8,9,1.0,1,0,1,0
115,5,2,16,1.5,0,1,1,0
116,4,2,14,1.0,0,1,1,0
117,5,0,13,1.0,1,0,1,0
118,5,20,8,2.5,0,1,1,0
119,3,6,13,1.5,1,0,1,0
120,3,2,15,1.5,1,0,1,0
121,5,6,15,1.5,0,1,0,1
122,4,2,13,1.5,0,1,0,1
123,3,18,13,2.5,0,1,1,0
124,5,0,8,1.0,1,0,0,1
125,5,0,12,2.5,1,0,1,0
126,5,0,11,1.0,1,0,1,0
127,3,2,9,1.0,0,1,1,0
128,3,0,0,1.5,0,1,1,0
129,3,8,18,3.5,1,0,0,1
130,4,0,0,2.0,0,1,1,0
131,4,0,0,1.5,0,1,1,0
132,3,12,12,2.0,0,1,1,0
133,3,16,11,2.5,1,0,1,0
134,5,0,0,1.0,0,1,1,0
135,4,0,0,1.0,0,1,1,0
136,5,0,0,3.0,1,0,1,0
137,4,0,0,1.0,0,1,1,0
138,4,0,12,2.0,1,0,1,0
139,4,0,15,1.0,1,0,1,0
140,2,0,0,1.0,0,1,1,0
141,2,8,9,2.0,0,1,1,0
142,4,2,11,1.0,0,1,0,1
143,3,2,13,3.0,1,0,1,0
144,5,0,0,1.5,0,1,1,0
145,4,0,11,1.5,0,1,0,1
146,3,0,0,1.0,0,1,1,0
147,4,2,11,1.0,0,1,0,1
148,3,0,0,1.5,0,1,1,0
149,4,0,10,3.5,1,0,1,0
150,2,0,0,3.5,1,0,1,0
151,4,6,14,4.0,1,0,1,0
152,4,8,10,2.5,0,1,0,1
153,4,0,0,1.0,0,1,1,0
154,4,0,12,1.0,0,1,1,0
155,4,2,8,1.0,1,0,0,1
156,2,8,13,3.0,1,0,1,0
157,5,6,10,3.0,0,1,1,0
158,4,2,15,1.5,1,0,1,0
159,4,4,12,4.0,0,1,0,1
160,3,0,0,2.0,1,0,1,0
161,4,6,7,2.5,0,1,1,0
162,4,0,0,3.0,1,0,1,0
163,5,2,10,2.5,1,0,1,0
164,5,0,7,3.0,1,0,1,0
165,4,16,12,1.0,0,1,1,0
166,4,4,10,3.0,1,0,1,0
167,4,0,16,1.0,1,0,0,1
168,5,0,0,1.0,0,1,0,1
169,4,0,14,1.0,0,1,0,1
170,3,0,0,3.0,0,1,1,0
171,4,2,16,1.0,0,1,0,1
172,4,0,10,2.0,0,1,0,1
173,4,0,0,1.0,1,0,1,0
174,4,4,9,1.0,0,1,0,1
175,4,4,9,4.0,1,0,0,1
176,3,2,11,2.5,1,0,0,1
177,4,4,6,2.5,1,0,1,0
178,4,10,9,3.5,0,1,1,0
179,5,4,11,1.0,0,1,1,0
180,3,10,8,2.5,0,1,0,1
181,4,2,12,1.5,1,0,0,1
182,5,0,17,2.5,0,1,1,0
183,5,56,8,2.5,0,1,1,0
184,1,14,12,1.5,0,1,0,1
185,4,12,11,2.5,0,1,1,0
186,3,2,11,1.5,0,1,0,1
187,4,0,15,1.5,1,0,0,1
188,3,6,9,2.0,0,1,1,0
189,3,4,10,3.0,1,0,1,0
190,4,10,13,1.0,1,0,1,0
191,5,0,9,1.0,1,0,1,0
192,4,12,8,4.5,1,0,0,1
193,4,8,10,3.5,0,1,1,0
194,5,0,14,1.0,1,0,1,0
195,4,0,15,1.0,1,0,1,0
196,5,4,16,1.5,1,0,1,0
197,3,8,10,4.0,0,1,0,1
198,4,24,18,2.5,0,1,1,0
199,4,0,10,1.5,0,1,0,1
200,4,2,16,3.0,0,1,1,0
201,4,6,10,2.0,0,1,0,1
202,4,4,10,2.0,0,1,0,1
203,5,18,6,1.5,0,1,1,0
204,5,6,11,1.0,0,1,0,1
205,4,28,9,3.5,0,1,0,1
206,2,5,7,2.0,0,1,0,1
207,1,10,13,1.0,1,0,0,1
208,4,6,10,2.5,0,1,0,1
209,4,6,7,1.0,0,1,0,1
210,4,10,8,1.5,0,1,0,1
211,5,13,13,4.5,0,1,0,1
212,3,0,14,1.0,0,1,0,1
213,4,15,8,3.0,0,1,0,1
214,5,12,10,1.5,0,1,0,1
215,4,2,15,2.0,1,0,0,1
216,3,22,4,3.0,1,0,0,1
217,3,13,8,3.0,0,1,0,1
218,3,3,8,2.5,0,1,0,1
219,4,4,10,1.0,0,1,0,1
220,4,2,6,1.5,0,1,1,0
221,4,0,0,1.0,0,1,1,0
222,2,2,17,1.0,1,0,1,0
223,3,0,13,5.0,0,1,0,1
224,5,0,14,1.0,0,1,1,0
225,5,16,7,1.0,1,0,1,0
226,5,10,15,2.0,1,0,1,0
227,5,2,12,2.0,0,1,0,1
228,4,14,9,4.5,0,1,0,1
229,3,10,12,1.5,1,0,1,0
230,3,14,14,1.5,1,0,1,0
231,4,4,11,1.0,0,1,0,1
232,4,14,9,2.0,0,1,1,0
233,4,2,13,3.0,0,1,0,1
234,3,18,6,1.0,0,1,0,1
235,5,10,10,2.0,1,0,1,0
236,4,4,13,5.0,1,0,0,1
237,4,20,12,1.0,1,0,1,0
238,2,2,11,1.0,1,0,1,0
239,5,0,0,4.0,1,0,1,0
240,2,14,12,2.5,1,0,1,0
241,3,2,12,2.5,0,1,0,1
242,5,0,0,1.0,1,0,1,0
243,5,0,12,1.5,1,0,1,0
244,4,0,0,1.0,0,1,0,1
245,4,6,18,1.0,1,0,1,0
246,5,4,13,1.0,1,0,1,0
247,5,16,8,5.0,1,0,1,0
248,4,8,5,2.0,0,1,1,0
249,4,0,15,3.0,1,0,0,1
250,4,0,8,3.0,1,0,1,0
251,5,6,10,2.0,0,1,1,0
252,3,4,8,3.5,1,0,1,0
253,3,0,8,2.0,1,0,1,0
254,4,0,12,3.0,1,0,1,0
255,4,2,8,1.5,0,1,1,0
256,4,6,13,1.0,0,1,0,1
257,4,12,11,1.0,0,1,1,0
258,5,8,14,1.5,1,0,1,0
259,3,0,0,1.0,1,0,0,1
260,3,21,18,2.0,0,1,0,1
261,4,2,8,1.0,0,1,0,1
262,5,1,12,1.0,1,0,1,0
263,3,4,9,1.0,1,0,1,0
264,4,0,0,1.0,0,1,0,1
265,4,13,17,3.5,0,1,0,1
266,5,2,10,3.5,1,0,0,1
267,4,8,11,2.0,1,0,0,1
268,5,10,10,2.0,0,1,0,1
269,4,0,0,1.5,0,1,1,0
270,4,15,9,3.0,0,1,0,1
271,4,4,14,2.0,0,1,0,1
272,4,2,11,1.0,0,1,0,1
273,3,2,14,2.0,0,1,0,1
274,4,2,10,1.0,0,1,0,1
275,4,6,12,2.5,0,1,0,1
276,4,75,9,1.0,1,0,1,0
277,3,22,9,2.5,1,0,0,1
278,2,15,8,1.0,0,1,1,0
279,4,8,10,1.5,1,0,0,1
280,4,30,8,3.0,1,0,0,1
281,4,19,10,3.5,1,0,1,0
282,5,1,12,1.0,0,1,0,1
283,5,4,10,1.0,1,0,1,0
284,5,4,11,1.5,0,1,1,0
285,4,2,11,1.5,1,0,0,1
286,4,5,19,1.5,0,1,0,1
287,4,6,12,1.0,0,1,0,1
288,4,6,14,2.0,1,0,0,1
289,5,9,15,1.0,0,1,0,1
290,4,11,11,2.5,0,1,0,1
291,4,0,15,1.5,0,1,0,1
292,5,12,13,1.0,1,0,1,0
293,3,6,18,1.0,0,1,0,1
294,5,8,14,1.0,0,1,0,1
295,4,4,11,2.0,0,1,0,1
296,2,0,0,2.5,0,1,0,1
297,4,10,8,1.5,0,1,0,1
298,4,0,14,1.0,0,1,0,1
299,1,5,16,2.0,0,1,0,1
300,4,14,11,1.0,0,1,1,0
301,4,0,10,2.0,1,0,0,1
302,4,0,14,1.0,0,1,0,1
303,5,0,18,1.5,0,1,0,1
304,4,20,13,1.0,0,1,1,0
305,4,8,12,1.0,0,1,0,1
306,5,0,18,1.0,1,0,1,0
307,4,38,8,1.0,0,1,0,1
308,4,0,12,1.5,1,0,1,0
309,4,18,10,2.0,0,1,1,0
310,4,0,0,2.0,1,0,1,0
311,3,20,13,1.0,0,1,1,0
312,4,3,11,2.0,1,0,1,0
313,4,22,11,1.5,0,1,0,1
314,4,14,13,1.0,1,0,1,0
315,4,40,11,1.0,1,0,1,0
316,5,0,0,1.5,0,1,0,1
317,4,9,9,1.0,0,1,0,1
318,4,0,10,3.5,0,1,0,1
319,4,2,11,3.0,0,1,0,1
320,5,23,13,1.5,0,1,0,1
321,4,12,9,1.0,0,1,1,0
322,3,3,11,2.0,0,1,0,1
323,3,1,15,2.5,0,1,1,0
324,3,0,15,2.5,1,0,1,0
325,4,3,11,2.0,1,0,1,0
326,4,3,16,4.0,1,0,1,0
327,4,8,10,5.0,0,1,1,0
328,5,7,9,2.0,0,1,0,1
329,4,4,14,1.5,0,1,0,1
330,4,2,8,3.0,0,1,1,0
331,4,7,14,1.0,0,1,1,0
332,5,0,0,1.0,1,0,1,0
333,4,0,0,1.0,1,0,1,0
334,4,0,0,1.0,1,0,1,0
335,4,16,15,2.0,1,0,1,0
336,5,12,13,1.5,1,0,0,1
337,4,0,0,2.5,0,1,0,1
338,5,7,17,1.0,0,1,1,0
339,4,4,10,2.5,0,1,0,1
340,4,4,11,2.0,1,0,0,1
341,4,0,0,2.0,0,1,1,0
342,4,11,15,2.0,1,0,1,0
343,3,0,0,1.5,0,1,1,0
344,4,4,10,1.5,0,1,1,0
345,5,7,14,2.5,1,0,1,0
346,5,9,16,1.5,1,0,1,0
347,5,0,9,2.5,0,1,0,1
348,4,0,15,2.0,0,1,0,1
349,2,10,13,5.0,0,1,1,0
350,5,8,8,3.0,1,0,1,0
351,4,2,13,2.5,0,1,0,1
352,4,7,8,2.5,1,0,1,0
353,4,4,8,3.0,0,1,1,0
354,4,4,11,2.0,0,1,0,1
355,5,0,9,1.0,0,1,1,0
356,4,4,13,1.5,0,1,0,1
357,1,2,11,1.5,1,0,1,0
358,3,4,10,1.5,1,0,1,0
359,5,0,16,1.0,1,0,1,0
360,4,0,13,2.5,1,0,1,0
361,4,2,12,2.5,1,0,1,0
362,4,0,10,2.0,0,1,1,0
363,2,0,15,1.0,0,1,0,1
364,3,0,12,1.5,1,0,1,0
365,3,4,10,3.0,0,1,0,1
366,4,0,13,2.0,1,0,0,1
367,5,0,0,1.5,0,1,0,1
368,5,0,10,1.5,0,1,0,1
369,3,10,11,3.0,0,1,0,1
370,3,4,9,1.0,1,0,1,0
371,4,3,12,2.5,0,1,0,1
372,3,8,11,1.0,1,0,1,0
373,3,14,5,2.0,1,0,1,0
374,5,0,19,1.0,1,0,1,0
375,4,2,10,1.5,1,0,1,0
376,5,4,15,1.0,0,1,0,1
377,5,4,10,3.5,1,0,0,1
378,4,0,15,1.5,1,0,0,1
379,4,17,10,2.5,0,1,0,1
380,3,4,14,2.5,1,0,0,1
381,4,5,7,2.0,1,0,1,0
382,4,2,10,1.0,1,0,1,0
383,4,0,0,2.0,1,0,1,0
384,5,14,5,3.5,1,0,0,1
385,5,2,10,2.0,1,0,0,1
386,4,7,6,2.0,0,1,0,1
387,5,0,0,1.5,1,0,1,0
388,4,0,8,1.0,0,1,0,1
389,1,0,0,1.0,1,0,1,0
390,5,11,9,4.5,0,1,0,1
391,2,3,16,3.5,1,0,1,0
392,5,3,7,3.0,1,0,1,0
393,4,0,10,3.5,1,0,1,0
394,3,5,9,3.0,1,0,1,0
395,4,4,11,1.0,1,0,1,0
396,5,2,11,1.0,0,1,1,0
397,4,6,12,2.5,1,0,1,0
398,3,0,14,1.0,0,1,1,0
399,4,0,13,1.5,0,1,1,0
400,5,6,13,1.5,0,1,1,0
401,4,0,13,1.0,1,0,1,0
402,4,2,13,1.0,0,1,1,0
403,4,0,17,1.0,0,1,1,0
404,5,0,13,1.0,0,1,1,0
405,3,2,14,1.5,0,1,1,0
406,5,0,13,1.0,0,1,1,0
407,4,0,12,2.0,0,1,1,0
408,5,0,13,1.5,0,1,1,0
409,4,0,15,1.0,0,1,1,0
410,4,6,17,1.5,0,1,1,0
411,3,10,14,1.5,0,1,1,0
412,5,2,14,1.0,0,1,1,0
413,5,2,7,3.0,0,1,0,1
414,3,6,12,2.0,1,0,1,0
415,4,0,14,1.0,1,0,1,0
416,5,0,12,1.0,0,1,0,1
417,4,0,14,2.0,1,0,1,0
418,5,2,10,3.0,0,1,1,0
419,4,2,10,1.0,0,1,1,0
420,1,6,12,2.0,0,1,1,0
421,4,8,12,1.5,0,1,1,0
422,2,0,11,3.0,1,0,1,0
423,5,2,13,1.0,0,1,0,1
424,4,4,12,5.0,0,1,0,1
425,5,0,11,3.5,0,1,0,1
426,4,2,15,1.0,0,1,1,0
427,4,0,15,1.0,0,1,1,0
428,5,0,12,1.0,1,0,1,0
429,5,4,12,1.0,0,1,1,0
430,3,4,11,1.0,0,1,1,0
431,5,0,14,1.0,0,1,1,0
432,2,4,13,1.0,0,1,1,0
433,4,2,12,1.0,0,1,1,0
434,4,8,12,1.0,0,1,1,0
435,3,16,10,1.5,0,1,1,0
436,5,8,11,3.0,0,1,1,0
437,4,0,15,1.0,0,1,1,0
438,5,0,10,1.0,0,1,1,0
439,4,14,11,2.0,1,0,1,0
440,5,4,11,1.0,0,1,0,1
441,2,6,13,2.5,0,1,1,0
442,4,2,17,1.0,1,0,1,0
443,4,4,13,2.0,0,1,1,0
444,4,2,12,1.0,0,1,1,0
445,4,0,13,2.5,0,1,1,0
446,4,0,16,1.0,0,1,1,0
447,5,4,9,3.5,1,0,1,0
448,3,0,12,2.5,0,1,1,0
449,5,0,13,4.0,1,0,1,0
450,5,2,12,1.0,1,0,1,0
451,4,0,15,1.0,0,1,1,0
452,3,8,16,1.0,0,1,1,0
453,4,0,14,1.0,0,1,1,0
454,4,2,16,1.0,0,1,0,1
455,2,0,16,2.5,0,1,1,0
456,5,0,16,5.0,0,1,1,0
457,4,0,10,1.0,1,0,1,0
458,3,0,13,3.0,0,1,1,0
459,4,0,12,3.0,1,0,1,0
460,5,2,16,1.5,0,1,1,0
461,1,0,12,5.0,0,1,1,0
462,4,0,10,1.5,0,1,1,0
463,4,0,11,2.0,0,1,1,0
464,4,6,15,2.5,0,1,1,0
465,4,2,11,1.0,0,1,1,0
466,3,0,10,1.0,1,0,1,0
467,3,2,11,3.0,0,1,1,0
468,5,0,14,2.0,1,0,1,0
469,4,4,11,3.0,0,1,1,0
470,4,0,11,2.5,0,1,1,0
471,3,0,11,1.0,1,0,1,0
472,5,1,13,2.0,1,0,1,0
473,4,0,10,1.0,0,1,1,0
474,2,14,11,1.5,0,1,1,0
475,3,0,12,2.0,0,1,1,0
476,5,2,9,1.5,1,0,1,0
477,4,4,11,1.0,0,1,1,0
478,5,2,13,2.0,1,0,0,1
479,4,2,12,2.5,0,1,1,0
480,4,4,12,2.5,1,0,1,0
481,4,6,11,1.5,0,1,1,0
482,5,4,15,2.0,0,1,1,0
483,4,6,11,1.0,1,0,1,0
484,4,6,10,4.0,0,1,1,0
485,4,2,11,2.0,0,1,1,0
486,4,6,13,2.0,1,0,1,0
487,3,0,12,2.5,0,1,1,0
488,5,2,14,1.0,0,1,1,0
489,4,2,12,1.0,0,1,1,0
490,3,4,13,1.0,0,1,0,1
491,3,6,11,1.0,0,1,0,1
492,4,0,12,1.0,0,1,1,0
493,5,4,13,1.5,1,0,1,0
494,5,2,13,1.0,0,1,1,0
495,4,12,8,5.0,0,1,1,0
496,4,0,16,1.0,0,1,1,0
497,5,2,12,1.0,0,1,0,1
498,4,16,10,1.0,0,1,1,0
499,5,0,16,1.0,0,1,1,0
500,4,10,10,1.0,1,0,1,0
501,5,4,10,1.0,0,1,1,0
502,5,4,14,1.0,0,1,1,0
503,1,8,11,4.0,0,1,1,0
504,5,2,14,1.0,0,1,1,0
505,5,4,14,1.0,1,0,1,0
506,4,4,11,1.0,0,1,1,0
507,3,12,10,1.0,1,0,1,0
508,3,10,18,1.0,1,0,1,0
509,5,4,10,1.0,1,0,1,0
510,5,6,14,1.5,0,1,1,0
511,4,4,16,1.0,0,1,1,0
512,5,6,15,1.0,1,0,1,0
513,5,14,11,2.5,0,1,1,0
514,3,2,14,1.5,1,0,1,0
515,3,0,14,1.5,1,0,1,0
516,5,6,13,1.5,0,1,1,0
517,4,2,13,1.5,0,1,1,0
518,3,4,13,2.5,0,1,1,0
519,5,0,11,1.0,1,0,1,0
520,5,2,9,2.5,1,0,1,0
521,5,0,11,1.0,1,0,1,0
522,3,0,11,1.0,0,1,1,0
523,3,8,15,3.5,1,0,1,0
524,3,4,13,2.0,0,1,1,0
525,4,0,12,2.0,0,1,1,0
526,5,10,8,2.0,0,1,1,0
527,3,8,11,1.5,0,1,1,0
528,4,6,13,1.5,0,1,1,0
529,3,2,12,2.0,0,1,1,0
530,3,12,14,2.5,1,0,1,0
531,3,4,11,1.0,1,0,1,0
532,5,12,11,1.0,1,0,1,0
533,5,2,11,1.0,0,1,1,0
534,4,4,15,1.0,0,1,1,0
535,5,2,10,3.0,1,0,1,0
536,5,0,13,1.0,0,1,1,0
537,3,2,12,4.5,1,0,1,0
538,4,10,11,3.0,0,1,1,0
539,3,8,11,1.5,0,1,1,0
540,4,4,10,1.0,0,1,1,0
541,4,0,10,2.0,1,0,1,0
542,4,6,14,1.0,1,0,1,0
543,5,2,9,1.0,1,0,1,0
544,2,6,11,1.0,0,1,1,0
545,1,24,9,2.5,1,0,1,0
546,5,0,13,2.0,0,1,1,0
547,2,4,11,2.0,0,1,1,0
548,4,2,13,1.0,0,1,1,0
549,3,4,11,3.0,1,0,1,0
550,5,22,6,1.5,0,1,1,0
551,4,0,12,1.5,0,1,1,0
552,4,0,10,1.0,0,1,1,0
553,3,2,11,1.0,0,1,1,0
554,4,6,13,1.0,0,1,1,0
555,2,6,11,3.0,1,0,1,0
556,3,16,8,1.5,0,1,1,0
557,4,0,11,3.5,1,0,1,0
558,2,0,0,3.5,1,0,1,0
559,4,6,10,4.0,1,0,1,0
560,4,2,13,2.5,0,1,0,1
561,4,6,11,1.0,0,1,1,0
562,4,0,13,1.0,0,1,1,0
563,4,0,8,1.0,1,0,0,1
564,2,14,10,3.0,1,0,1,0
565,5,6,11,3.0,0,1,1,0
566,4,4,11,1.5,1,0,1,0
567,4,0,1,4.0,0,1,1,0
568,4,0,10,4.0,1,0,1,0
569,3,8,9,2.0,1,0,0,1
570,4,4,8,2.5,0,1,1,0
571,4,2,10,3.0,1,0,1,0
572,5,2,8,2.5,1,0,1,0
573,5,0,8,3.0,1,0,1,0
574,4,10,8,1.0,0,1,1,0
575,4,0,11,3.0,1,0,1,0
576,4,0,18,1.0,1,0,1,0
577,5,0,13,1.0,0,1,1,0
578,4,0,17,1.0,0,1,1,0
579,3,4,10,3.0,0,1,1,0
580,4,0,18,1.0,0,1,1,0
581,4,0,10,2.0,0,1,1,0
582,4,0,13,1.0,1,0,1,0
583,4,0,15,1.0,0,1,1,0
584,4,0,11,4.0,1,0,1,0
585,3,0,14,2.5,1,0,1,0
586,4,4,10,2.5,1,0,1,0
587,4,8,11,3.5,0,1,1,0
588,5,4,13,1.0,0,1,0,1
589,3,4,11,2.5,0,1,0,1
590,4,0,13,1.5,1,0,1,0
591,5,0,17,2.5,0,1,1,0
592,5,32,14,2.5,0,1,1,0
593,1,8,16,1.5,0,1,1,0
594,4,6,14,2.5,0,1,1,0
595,3,0,11,1.5,0,1,1,0
596,4,0,16,1.5,1,0,1,0
597,3,10,14,2.0,0,1,1,0
598,3,6,10,3.0,1,0,1,0
599,4,6,13,1.0,1,0,1,0
600,5,0,12,1.0,1,0,1,0
601,4,16,12,4.5,1,0,1,0
602,4,0,10,3.5,0,1,1,0
603,5,0,12,1.0,1,0,1,0
604,4,8,16,1.0,1,0,1,0
605,5,4,14,1.5,1,0,1,0
606,3,16,12,4.0,0,1,1,0
607,4,30,16,2.5,0,1,1,0
608,4,0,11,1.5,0,1,1,0
609,4,2,15,3.0,0,1,1,0
610,4,4,12,2.0,0,1,1,0
611,4,0,15,2.0,0,1,1,0
612,5,21,13,1.5,0,1,1,0
613,5,6,13,1.0,0,1,1,0
614,4,14,8,3.5,0,1,0,1
615,2,2,12,2.0,0,1,1,0
616,1,4,15,1.0,1,0,1,0
617,4,2,13,2.5,0,1,1,0
618,4,0,12,1.0,0,1,1,0
619,4,4,12,1.5,0,1,1,0
620,5,15,12,4.5,0,1,1,0
621,3,0,13,1.0,0,1,1,0
622,4,10,11,3.0,0,1,1,0
623,5,6,11,1.5,0,1,1,0
624,4,2,15,2.0,1,0,1,0
625,3,16,10,3.0,1,0,1,0
626,3,10,10,3.0,0,1,1,0
627,3,4,13,2.5,0,1,1,0
628,4,0,13,1.0,0,1,1,0
629,4,0,11,1.5,0,1,1,0
630,4,12,12,1.0,0,1,1,0
631,2,0,14,1.0,1,0,1,0
632,3,9,10,5.0,0,1,0,1
633,5,4,16,1.0,0,1,1,0
634,5,4,8,1.0,1,0,1,0
635,5,2,17,2.0,1,0,1,0
636,5,0,11,2.0,0,1,1,0
637,4,2,11,4.5,0,1,1,0
638,3,0,16,1.5,1,0,1,0
639,3,0,12,1.5,1,0,1,0
640,4,0,13,1.0,0,1,1,0
641,4,0,13,2.0,0,1,1,0
642,4,0,14,3.0,0,1,1,0
643,3,2,9,1.0,0,1,1,0
644,5,0,12,2.0,1,0,1,0
645,4,0,16,5.0,1,0,1,0
646,4,4,10,1.0,1,0,1,0
647,5,0,13,1.5,1,0,1,0
648,4,18,10,1.0,0,1,1,0
649,5,16,10,1.0,0,1,1,0
650,4,14,7,1.0,1,0,1,0
651,4,26,8,2.0,0,1,1,0
652,4,6,9,1.5,0,1,1,0
653,5,4,15,1.0,1,0,1,0
654,4,10,10,1.5,0,1,1,0
655,5,4,11,1.5,1,0,1,0
656,2,2,13,1.0,1,0,1,0
657,5,14,8,1.0,0,1,1,0
658,5,16,8,4.0,1,0,1,0
659,3,8,10,1.0,0,1,1,0
660,4,4,15,2.0,1,0,1,0
661,4,4,14,1.0,0,1,1,0
662,2,8,15,2.5,1,0,1,0
663,3,0,12,2.5,0,1,1,0
664,5,7,15,1.0,1,0,1,0
665,5,4,15,1.5,1,0,0,1
666,5,2,12,2.5,0,1,0,1
667,4,2,15,1.0,1,0,1,0
668,4,10,11,2.5,0,1,1,0
669,4,10,10,1.0,1,0,1,0
670,4,10,11,1.0,0,1,1,0
671,4,7,16,1.0,1,0,1,0
672,4,4,11,1.5,0,1,1,0
673,5,2,13,1.0,1,0,1,0
674,5,12,5,5.0,1,0,1,0
675,4,8,10,2.0,0,1,1,0
676,4,0,11,3.0,1,0,1,0
677,4,8,7,3.0,1,0,1,0
678,5,4,10,2.0,0,1,1,0
679,3,4,6,3.5,1,0,1,0
680,3,2,12,2.0,1,0,1,0
681,4,0,13,3.0,1,0,1,0
682,4,0,10,1.5,0,1,1,0
683,4,2,13,2.0,0,1,1,0
684,4,2,17,1.0,0,1,1,0
685,4,0,11,1.0,0,1,1,0
686,4,4,11,4.0,1,0,1,0
687,4,2,14,2.0,0,1,1,0
688,4,4,14,2.5,0,1,1,0
689,3,4,13,1.0,1,0,1,0
690,4,4,14,1.0,0,1,1,0
691,5,2,16,1.5,1,0,1,0
692,5,0,10,1.0,1,0,1,0
693,3,2,12,1.0,1,0,1,0
694,1,8,12,1.5,0,1,0,1
695,3,2,15,2.0,0,1,1,0
696,4,2,11,1.0,0,1,1,0
697,5,2,12,1.0,1,0,1,0
698,3,2,13,1.0,1,0,1,0
699,4,0,13,1.0,0,1,1,0
700,4,8,9,2.5,1,0,1,0
701,4,6,16,3.5,0,1,1,0
702,5,0,14,3.5,1,0,1,0
703,4,8,12,2.0,1,0,1,0
704,5,4,14,2.0,0,1,1,0
705,4,12,10,1.5,0,1,1,0
706,4,16,12,3.0,0,1,1,0
707,4,10,16,2.0,0,1,1,0
708,4,2,13,1.0,0,1,1,0
709,3,2,18,2.0,0,1,1,0
710,4,8,15,1.5,0,1,1,0
711,4,6,16,1.0,0,1,1,0
712,4,6,12,2.5,0,1,1,0
713,4,15,10,1.0,1,0,1,0
714,3,6,12,2.5,1,0,1,0
715,2,2,13,1.0,0,1,1,0
716,4,8,15,1.0,0,1,1,0
717,3,0,10,3.5,0,1,1,0
718,4,0,10,1.5,1,0,1,0
719,3,10,11,3.0,1,0,1,0
720,4,22,10,3.0,1,0,1,0
721,4,18,13,3.5,1,0,1,0
722,5,2,18,1.0,0,1,1,0
723,5,0,13,1.0,1,0,1,0
724,5,12,14,1.5,0,1,1,0
725,4,10,14,1.0,1,0,1,0
726,4,0,12,1.5,1,0,1,0
727,4,0,18,1.5,0,1,1,0
728,4,0,14,1.0,0,1,1,0
729,4,0,15,2.0,1,0,1,0
730,5,0,17,1.0,0,1,1,0
731,4,2,16,2.5,0,1,1,0
732,4,0,18,1.5,0,1,1,0
733,3,0,19,1.0,0,1,1,0
734,5,0,15,1.0,0,1,1,0
735,4,0,15,2.0,0,1,1,0
736,2,2,13,2.5,0,1,1,0
737,4,0,14,1.5,0,1,1,0
738,4,0,17,1.0,0,1,1,0
739,1,0,17,2.0,0,1,1,0
740,4,0,15,1.0,0,1,0,1
741,4,0,13,2.0,1,0,1,0
742,5,0,8,1.0,0,1,1,0
743,4,0,16,1.0,0,1,1,0
744,5,0,18,1.5,0,1,1,0
745,4,0,11,1.0,1,0,1,0
746,5,0,15,1.0,1,0,1,0
747,4,0,11,1.5,1,0,1,0
748,3,2,11,1.5,0,1,1,0
749,5,2,15,1.5,0,1,1,0
750,4,2,14,1.0,1,0,1,0
751,4,2,17,1.0,1,0,1,0
752,4,2,17,1.0,0,1,1,0
753,3,8,15,2.5,0,1,1,0
754,4,2,17,3.5,0,1,1,0
755,4,8,14,1.0,0,1,1,0
756,5,9,10,1.0,0,1,1,0
757,4,0,13,3.0,0,1,1,0
758,5,4,14,1.0,0,1,1,0
759,5,2,17,1.5,1,0,1,0
760,5,14,17,1.5,0,1,1,0
761,5,0,13,1.0,0,1,1,0
762,4,2,14,2.0,1,0,1,0
763,4,2,11,3.5,0,1,1,0
764,1,12,11,3.5,1,0,1,0
765,5,2,9,1.0,0,1,1,0
766,4,2,10,3.0,0,1,1,0
767,4,4,13,1.0,0,1,1,0
768,3,0,10,2.0,0,1,1,0
769,3,0,17,2.5,0,1,1,0
770,3,0,15,2.5,1,0,1,0
771,4,0,14,1.5,1,0,1,0
772,4,0,13,2.0,1,0,1,0
773,4,0,17,4.0,1,0,1,0
774,4,2,10,5.0,0,1,1,0
775,5,0,13,2.0,0,1,1,0
776,4,4,15,1.5,0,1,1,0
777,4,2,11,3.5,0,1,0,1
778,4,0,12,3.0,0,1,0,1
779,5,0,10,2.0,0,1,1,0
780,4,2,10,1.0,1,0,1,0
781,4,0,15,1.0,0,1,1,0
782,5,6,15,1.5,1,0,1,0
783,5,8,12,1.0,1,0,1,0
784,4,0,12,1.0,1,0,1,0
785,4,6,14,1.0,1,0,1,0
786,4,8,14,2.0,1,0,1,0
787,4,0,15,2.5,0,1,1,0
788,5,4,15,1.0,0,1,1,0
789,4,0,16,2.5,0,1,1,0
790,4,0,13,2.0,0,1,1,0
791,4,6,17,2.0,1,0,1,0
792,3,18,14,1.5,0,1,1,0
793,4,0,14,1.5,0,1,1,0
794,5,4,17,2.5,1,0,1,0
795,5,4,17,1.5,1,0,1,0
796,5,0,14,2.5,0,1,1,0
797,4,0,13,2.0,0,1,1,0
798,4,10,15,2.0,0,1,1,0
799,4,4,16,3.0,0,1,1,0
800,2,16,11,3.5,1,0,1,0
801,4,6,13,1.0,0,1,0,1
802,3,0,12,1.0,1,0,0,1
803,4,11,12,2.0,0,1,1,0
804,4,9,15,2.5,1,0,1,0
805,4,0,17,2.0,0,1,1,0
806,4,2,15,1.5,0,1,1,0
807,4,0,17,1.0,0,1,1,0
808,5,21,10,3.5,0,1,1,0
809,3,8,15,2.0,1,0,1,0
810,3,5,11,4.0,0,1,1,0
811,4,10,18,1.5,0,1,1,0
812,4,5,17,1.5,0,1,1,0
813,3,13,14,4.5,1,0,1,0
814,5,10,11,2.5,1,0,1,0
815,4,10,17,2.0,0,1,1,0
816,5,5,10,1.0,1,0,1,0
817,3,4,13,1.5,0,1,1,0
818,4,11,11,2.0,0,1,1,0
819,4,0,12,1.0,0,1,1,0
820,4,6,10,1.0,0,1,1,0
821,5,4,11,2.5,0,1,1,0
822,4,0,17,1.5,1,0,1,0
823,1,0,9,1.0,1,0,1,0
824,5,5,11,2.0,0,1,1,0
825,4,0,11,1.0,1,0,1,0
826,4,0,10,1.5,1,0,1,0
827,5,0,7,2.0,0,1,1,0
828,1,0,14,4.0,1,0,1,0
829,1,4,11,1.0,1,0,1,0
830,5,0,10,1.5,0,1,1,0
831,4,4,8,1.5,0,1,1,0
832,3,0,12,1.5,0,1,1,0
833,5,2,12,2.0,0,1,1,0
834,4,0,16,1.0,1,0,1,0
835,5,0,0,4.5,0,1,1,0
836,4,4,9,3.0,1,0,0,1
837,5,0,14,1.5,0,1,1,0
838,5,7,8,1.5,0,1,1,0
839,3,4,11,1.5,1,0,1,0
840,5,8,9,3.0,0,1,1,0
841,5,0,11,1.0,0,1,1,0
842,5,8,9,5.0,1,0,1,0
843,4,6,17,1.0,1,0,1,0
844,5,3,13,1.0,1,0,1,0
845,4,2,15,1.5,0,1,1,0
846,4,0,11,1.0,1,0,1,0
847,4,4,11,1.0,0,1,1,0
848,1,0,8,1.5,0,1,1,0
849,1,3,8,1.5,0,1,1,0
850,4,0,9,3.0,0,1,1,0
851,5,0,15,1.5,0,1,1,0
852,5,4,11,5.0,0,1,1,0
853,4,0,13,1.0,0,1,1,0
854,4,2,10,1.0,0,1,1,0
855,4,1,11,1.0,0,1,1,0
856,4,0,14,3.5,1,0,1,0
857,4,0,14,1.5,0,1,1,0
858,4,2,12,2.0,0,1,1,0
859,3,6,11,3.5,1,0,1,0
860,3,9,8,2.5,0,1,1,0
861,3,0,11,2.0,0,1,1,0
862,5,1,14,1.0,0,1,1,0
863,4,1,13,1.5,1,0,1,0
864,4,0,13,1.0,0,1,1,0
865,4,4,12,1.0,0,1,1,0
866,4,2,12,2.5,0,1,1,0
867,4,0,16,1.0,0,1,1,0
868,2,4,10,2.5,0,1,1,0
869,4,2,11,4.0,0,1,1,0
870,5,0,14,1.0,0,1,1,0
871,5,2,8,1.0,0,1,1,0
872,4,11,11,3.0,0,1,1,0
873,3,0,8,1.0,0,1,1,0
874,4,4,10,1.0,0,1,1,0
875,4,0,10,1.0,1,0,1,0
876,5,2,11,1.0,0,1,1,0
877,5,0,9,2.0,0,1,1,0
878,3,1,11,1.5,0,1,1,0
879,4,6,8,1.5,0,1,1,0
880,4,0,11,1.5,0,1,1,0
881,4,1,10,2.5,0,1,0,1
882,3,6,10,1.0,0,1,1,0
883,5,6,9,1.0,1,0,1,0
884,4,0,10,3.5,1,0,1,0
885,3,4,10,1.0,1,0,1,0
886,1,12,9,2.5,0,1,1,0
887,3,2,10,1.0,1,0,1,0
888,2,5,10,4.0,1,0,1,0
889,4,0,9,2.0,1,0,1,0
890,4,0,13,1.0,1,0,1,0
891,4,2,14,2.0,0,1,1,0
892,5,0,10,3.5,0,1,0,1
893,5,0,14,1.0,0,1,1,0
894,4,0,16,1.5,0,1,0,1
895,5,12,7,5.0,0,1,1,0
896,4,8,13,3.0,1,0,1,0
897,1,2,9,4.0,0,1,1,0
898,2,0,14,1.0,0,1,1,0
899,5,0,13,1.0,1,0,1,0
900,4,0,11,1.5,0,1,1,0
901,3,8,10,3.0,1,0,1,0
902,4,0,10,1.0,0,1,1,0
903,4,0,9,1.5,0,1,1,0
904,5,0,18,1.0,0,1,1,0
905,5,0,17,1.0,0,1,1,0
906,4,1,10,1.0,1,0,1,0
907,4,9,7,1.0,0,1,1,0
908,3,0,8,2.0,1,0,1,0
909,3,2,7,2.5,1,0,1,0
910,2,8,10,2.5,1,0,1,0
911,4,0,16,2.5,1,0,1,0
912,5,0,15,2.5,1,0,1,0
913,2,8,8,2.0,0,1,1,0
914,5,0,0,1.0,1,0,1,0
915,4,6,8,2.0,0,1,1,0
916,3,0,10,1.0,0,1,1,0
917,4,4,8,1.5,0,1,1,0
918,5,2,6,5.0,0,1,1,0
919,4,2,8,1.0,0,1,1,0
920,4,0,16,1.5,0,1,1,0
921,4,1,14,1.5,1,0,1,0
922,5,0,10,2.0,1,0,1,0
923,5,5,9,1.5,0,1,0,1
924,5,1,11,1.5,0,1,1,0
925,4,8,9,5.0,0,1,1,0
926,5,0,10,3.0,1,0,1,0
927,4,2,8,2.5,1,0,1,0
928,3,0,16,1.0,1,0,1,0
929,4,0,12,3.5,0,1,1,0
930,5,11,10,2.0,0,1,1,0
931,5,8,14,2.5,0,1,1,0
932,4,11,12,1.5,1,0,1,0
933,4,2,11,2.0,0,1,1,0
934,1,8,10,2.0,0,1,1,0
935,4,5,11,2.0,1,0,1,0
936,5,0,11,1.0,1,0,0,1
937,5,1,12,2.5,0,1,1,0
938,3,2,8,2.0,1,0,1,0
939,5,2,12,3.0,1,0,1,0
940,5,8,8,3.5,0,1,1,0
941,5,0,16,1.0,0,1,1,0
942,4,0,11,1.5,1,0,1,0
943,4,2,11,1.5,1,0,1,0
944,4,0,18,2.5,0,1,1,0
945,4,0,13,2.0,0,1,1,0
946,4,0,13,2.0,0,1,0,1
947,4,2,10,3.5,0,1,1,0
948,4,4,12,1.0,1,0,1,0
949,3,3,10,2.0,0,1,1,0
950,4,5,13,1.0,0,1,1,0
951,4,4,11,3.0,1,0,1,0
952,5,2,10,1.0,0,1,1,0
953,5,0,10,4.0,1,0,1,0
954,4,0,13,1.0,0,1,1,0
955,4,0,10,2.0,0,1,1,0
956,4,6,10,2.5,0,1,1,0
957,5,0,12,1.0,1,0,1,0
958,1,0,0,2.5,1,0,1,0
959,4,2,10,2.5,1,0,1,0
960,4,0,9,3.0,1,0,1,0
961,5,2,9,2.5,0,1,1,0
962,2,0,0,2.0,1,0,1,0
963,3,4,9,1.0,1,0,1,0
964,4,9,8,2.0,0,1,1,0
965,5,6,8,3.0,0,1,1,0
966,4,4,9,2.0,1,0,1,0
967,2,8,7,1.0,0,1,1,0
968,4,9,10,1.5,0,1,1,0
969,4,12,10,3.0,0,1,1,0
970,5,8,10,3.5,0,1,1,0
971,2,8,11,5.0,0,1,1,0
972,5,8,11,3.0,1,0,1,0
973,4,4,10,2.5,0,1,1,0
974,4,0,9,2.5,1,0,1,0
975,4,4,10,3.0,0,1,1,0
976,4,2,8,1.0,0,1,1,0
977,1,0,7,1.0,0,1,1,0
978,5,0,0,1.0,1,0,1,0
979,4,0,11,1.0,0,1,1,0
980,4,5,8,2.0,0,1,0,1
981,5,0,0,2.0,0,1,1,0
982,2,3,8,1.5,0,1,1,0
983,3,0,9,1.0,0,1,1,0
984,5,0,10,1.0,1,0,1,0
985,3,3,7,2.0,1,0,1,0
986,4,2,14,1.0,1,0,1,0
987,4,0,13,1.0,0,1,1,0
988,4,0,14,1.5,1,0,1,0
989,4,0,18,1.5,1,0,1,0
990,5,3,17,1.0,0,1,1,0
991,4,0,18,1.5,0,1,1,0
992,4,0,0,1.0,1,0,1,0
993,4,8,11,5.0,0,1,1,0
994,2,5,14,1.0,0,1,0,1
995,4,4,14,3.5,1,0,1,0
996,1,4,10,1.0,0,1,1,0
997,5,0,13,2.5,1,0,1,0
998,5,0,0,1.0,1,0,1,0
999,4,2,10,1.5,1,0,1,0
1000,5,0,0,2.5,1,0,1,0
1001,4,0,18,2.0,1,0,1,0
1002,5,5,12,1.5,1,0,1,0
1003,5,2,11,1.5,1,0,1,0
1004,4,0,12,1.0,0,1,1,0
1005,3,0,0,2.5,0,1,1,0
1006,4,5,15,1.0,1,0,1,0
1007,4,4,11,2.0,0,1,0,1
1008,5,0,10,1.0,0,1,1,0
1009,4,2,12,1.5,0,1,0,1
1010,1,0,15,1.5,1,0,1,0
1011,3,2,14,1.5,1,0,1,0
1012,5,0,18,1.0,1,0,1,0
1013,4,0,15,2.5,1,0,1,0
1014,4,6,13,2.0,0,1,1,0
1015,2,4,15,1.0,0,1,1,0
1016,3,0,13,1.5,1,0,1,0
1017,3,0,9,3.0,0,1,0,1
1018,4,0,16,2.0,1,0,1,0
1019,5,0,9,1.5,0,1,1,0
1020,5,0,10,1.5,0,1,1,0
1021,3,0,0,3.0,0,1,1,0
1022,4,3,10,2.5,0,1,1,0
1023,3,8,12,1.0,1,0,1,0
1024,3,4,9,2.0,1,0,1,0
1025,5,0,17,1.0,1,0,1,0
1026,4,4,12,1.5,1,0,1,0
1027,4,4,9,1.0,0,1,1,0
1028,5,1,14,3.5,1,0,1,0
1029,4,1,16,1.5,1,0,1,0
1030,4,10,9,2.5,0,1,1,0
1031,3,4,19,2.5,1,0,1,0
1032,4,0,0,2.0,1,0,1,0
1033,4,4,16,1.0,1,0,1,0
1034,4,0,0,2.0,1,0,1,0
1035,5,0,0,3.5,1,0,0,1
1036,5,0,15,2.0,1,0,1,0
1037,5,0,11,1.0,1,0,1,0
1038,4,4,10,2.0,0,1,1,0
1039,5,4,10,1.5,1,0,1,0
1040,4,4,16,1.0,0,1,1,0
1041,1,6,9,1.0,1,0,1,0
1042,2,6,10,3.5,1,0,1,0
1043,4,4,11,3.5,1,0,1,0
